"All Caps", "Occurrences", "Initials", "Occurrences", "Lowercases", "Occurrences"
"BUT", "17", "Par", "45", "les", "324"
"LER", "17", "Pré", "40", "ent", "308"
"LES", "8", "Mon", "36", "que", "286"
"NEW", "8", "Con", "33", "par", "246"
"PAR", "8", "Les", "31", "con", "221"
"XXX", "8", "Fra", "27", "pou", "214"
"LET", "7", "Mai", "27", "tou", "210"
"TRE", "7", "Dot", "23", "est", "188"
"YOR", "7", "Cor", "21", "des", "172"
"CON", "5", "Leb", "21", "com", "166"
"CTI", "4", "Sén", "21", "son", "150"
"ONS", "4", "Cha", "20", "pas", "136"
"ADE", "3", "Com", "19", "qu'", "133"
"ARD", "3", "Nic", "19", "fai", "118"
"MUN", "3", "But", "18", "qui", "118"
"ALE", "2", "Cai", "16", "ion", "117"
"ART", "2", "Dép", "16", "dan", "116"
"ASS", "2", "Mur", "16", "ave", "113"
"AUX", "2", "Bou", "15", "plu", "109"
"CAN", "2", "Nou", "15", "men", "106"
"COM", "2", "Uni", "15", "une", "98"
"DHO", "2", "Man", "14", "mai", "96"
"EST", "2", "Est", "13", "nou", "96"
"FIL", "2", "Flè", "13", "res", "92"
"GER", "2", "Mme", "13", "ant", "91"
"ITA", "2", "Pro", "13", "vou", "88"
"LAC", "2", "Tou", "13", "mon", "85"
"LIC", "2", "Ell", "12", "pro", "83"
"LSW", "2", "Gou", "12", "don", "79"
"MAN", "2", "Sar", "12", "tre", "79"
"MME", "2", "Cle", "11", "moi", "77"
"MOR", "2", "Ger", "11", "tio", "76"
"NCA", "2", "Mar", "11", "bie", "75"
"NEL", "2", "Eta", "10", "mes", "75"
"OUR", "2", "Eur", "10", "ell", "74"
"PER", "2", "Sai", "10", "ati", "73"
"PRU", "2", "Bar", "9", "pré", "73"
"RIA", "2", "Cet", "9", "leu", "72"
"SAR", "2", "Gén", "9", "san", "72"
"STA", "2", "Jan", "9", "ser", "69"
"THE", "2", "Que", "9", "ava", "68"
"TIO", "2", "Rép", "9", "che", "68"
"TON", "2", "SÉN", "9", "nce", "68"
"AIR", "1", "Voi", "9", "ons", "66"
"ALI", "1", "Vot", "9", "ont", "66"
"AMB", "1", "Apr", "8", "cha", "63"
"APP", "1", "Cré", "8", "ses", "63"
"ARI", "1", "Nat", "8", "pre", "61"
"ATI", "1", "Pau", "8", "éta", "60"
"ATO", "1", "Vou", "8", "jou", "58"
"BAR", "1", "Alb", "7", "voi", "58"
"BLI", "1", "All", "7", "ces", "57"
"BOU", "1", "Amé", "7", "sur", "57"
"CAS", "1", "Ass", "7", "aut", "56"
"CHO", "1", "Duc", "7", "enc", "56"
"CIL", "1", "Far", "7", "int", "56"
"COR", "1", "Fer", "7", "tra", "56"
"CRA", "1", "Her", "7", "tro", "55"
"DAN", "1", "Jui", "7", "lle", "54"
"DER", "1", "Pie", "7", "rep", "53"
"DES", "1", "Châ", "6", "seu", "53"
"DIA", "1", "Col", "6", "ain", "52"
"DIE", "1", "Déc", "6", "eme", "52"
"DON", "1", "Ils", "6", "été", "52"
"DOT", "1", "Int", "6", "not", "52"
"ECL", "1", "Lic", "6", "lui", "51"
"EFR", "1", "Lud", "6", "rés", "49"
"ELL", "1", "Mal", "6", "sou", "49"
"EMB", "1", "Min", "6", "pri", "48"
"EMI", "1", "Nov", "6", "cti", "47"
"EMO", "1", "Sco", "6", "ire", "47"
"ENN", "1", "Ade", "5", "rre", "47"
"ENT", "1", "Bea", "5", "ver", "47"
"ERS", "1", "Bri", "5", "ien", "46"
"ETT", "1", "Bro", "5", "gue", "45"
"EUN", "1", "Cal", "5", "air", "44"
"EXA", "1", "Car", "5", "ait", "44"
"FAR", "1", "Cen", "5", "ble", "44"
"FAU", "1", "Gig", "5", "éle", "44"
"FFE", "1", "Mad", "5", "mêm", "44"
"FIA", "1", "Mam", "5", "vie", "44"
"FLE", "1", "New", "5", "avo", "43"
"FOE", "1", "Pai", "5", "gra", "43"
"FON", "1", "Plu", "5", "ren", "43"
"FRA", "1", "Wal", "5", "fra", "42"
"GAR", "1", "Ain", "4", "nos", "42"
"GIA", "1", "Ang", "4", "sid", "42"
"GID", "1", "Cel", "4", "ass", "41"
"GIG", "1", "Cer", "4", "cou", "41"
"GNI", "1", "Des", "4", "rie", "41"
"GOD", "1", "Dim", "4", "eur", "40"
"GRO", "1", "LE", "4", "heu", "40"
"HAB", "1", "Emp", "4", "ité", "40"
"HES", "1", "Enf", "4", "per", "40"
"HTE", "1", "Gui", "4", "acc", "39"
"HUG", "1", "Hen", "4", "aux", "39"
"ICI", "1", "Heu", "4", "cet", "39"
"ILL", "1", "Hug", "4", "ert", "39"
"INA", "1", "Lan", "4", "ill", "39"
"ION", "1", "Loi", "4", "our", "39"
"ISE", "1", "Lon", "4", "sem", "39"
"IVE", "1", "Lou", "4", "end", "38"
"JAU", "1", "Mis", "4", "éra", "38"
"JOU", "1", "Mol", "4", "rép", "38"
"LAI", "1", "Nip", "4", "urs", "38"
"LAT", "1", "Nor", "4", "cel", "37"
"LEC", "1", "Poi", "4", "dis", "37"
"LEJ", "1", "Rei", "4", "lem", "37"
"LEV", "1", "Ren", "4", "nom", "37"
"LIS", "1", "San", "4", "tes", "37"
"MAI", "1", "Soc", "4", "imp", "36"
"MAR", "1", "Tal", "4", "peu", "36"
"MAS", "1", "Amb", "3", "tem", "36"
"MEN", "1", "Big", "3", "ins", "35"
"MIS", "1", "Bol", "3", "nel", "35"
"MON", "1", "Bon", "3", "ten", "35"
"MOS", "1", "Bre", "3", "lai", "34"
"MOU", "1", "Ces", "3", "soi", "34"
"NBE", "1", "Cro", "3", "vai", "34"
"NCE", "1", "Cur", "3", "ven", "34"
"NIP", "1", "Dan", "3", "can", "33"
"NTS", "1", "Dro", "3", "mun", "33"
"OLA", "1", "Emi", "3", "pay", "33"
"ORB", "1", "Foe", "3", "ais", "32"
"OUE", "1", "Fre", "3", "mal", "32"
"OUX", "1", "Gar", "3", "pen", "32"
"PAL", "1", "God", "3", "sse", "32"
"PAT", "1", "Gra", "3", "vot", "32"
"PEU", "1", "Hay", "3", "ami", "31"
"PLA", "1", "Isl", "3", "arr", "31"
"PLE", "1", "Jam", "3", "dem", "31"
"POL", "1", "Jus", "3", "ite", "31"
"POR", "1", "Léo", "3", "ple", "31"
"PRO", "1", "Lun", "3", "reu", "31"
"RAP", "1", "May", "3", "tan", "31"
"RAT", "1", "Mer", "3", "ans", "30"
"RED", "1", "Mes", "3", "emb", "30"
"RGE", "1", "Mll", "3", "ers", "30"
"RNA", "1", "Myr", "3", "êtr", "30"
"RST", "1", "Pen", "3", "ils", "30"
"RUY", "1", "Quo", "3", "ist", "30"
"SAI", "1", "Rég", "3", "qua", "30"
"SAN", "1", "Rus", "3", "sui", "30"
"SEN", "1", "Sab", "3", "anc", "29"
"SET", "1", "Sam", "3", "bre", "29"
"SHO", "1", "Sho", "3", "ici", "29"
"SSE", "1", "Sou", "3", "nte", "29"
"STO", "1", "Sué", "3", "all", "28"
"SUR", "1", "Tel", "3", "app", "28"
"TAI", "1", "Tho", "3", "ect", "28"
"TET", "1", "Ven", "3", "lla", "28"
"THO", "1", "Vic", "3", "nde", "28"
"TIE", "1", "Ais", "2", "apr", "27"
"TIL", "1", "Ale", "2", "dir", "27"
"TOT", "1", "And", "2", "foi", "27"
"TRA", "1", "Att", "2", "iqu", "27"
"TTR", "1", "Aut", "2", "ond", "27"
"TWE", "1", "Bel", "2", "abl", "26"
"UGU", "1", "Ber", "2", "art", "26"
"UNE", "1", "Bie", "2", "att", "26"
"VER", "1", "Boc", "2", "cil", "26"
"VIE", "1", "Bru", "2", "dép", "26"
"WAL", "1", "Brû", "2", "dev", "26"
"XAN", "1", "Can", "2", "ess", "26"
"", "", "Chr", "2", "etc", "26"
"", "", "Cin", "2", "ler", "26"
"", "", "Clé", "2", "ore", "26"
"", "", "Cou", "2", "ric", "26"
"", "", "Dav", "2", "sen", "26"
"", "", "Dél", "2", "ter", "26"
"", "", "Dep", "2", "bon", "25"
"", "", "Deu", "2", "cho", "25"
"", "", "Dév", "2", "deu", "25"
"", "", "Div", "2", "fau", "25"
"", "", "Eco", "2", "gré", "25"
"", "", "Ens", "2", "sie", "25"
"", "", "Fin", "2", "aff", "24"
"", "", "Fon", "2", "ère", "24"
"", "", "Fou", "2", "fil", "24"
"", "", "Foy", "2", "gén", "24"
"", "", "Gen", "2", "pet", "24"
"", "", "Gue", "2", "pla", "24"
"", "", "Han", "2", "por", "24"
"", "", "Has", "2", "rel", "24"
"", "", "Hou", "2", "trè", "24"
"", "", "Ici", "2", "ubl", "24"
"", "", "Jar", "2", "and", "23"
"", "", "Jeu", "2", "ard", "23"
"", "", "Lev", "2", "éri", "23"
"", "", "Luc", "2", "eux", "23"
"", "", "Mau", "2", "exp", "23"
"", "", "Men", "2", "pos", "23"
"", "", "Mgr", "2", "rem", "23"
"", "", "Mun", "2", "ret", "23"
"", "", "Oct", "2", "sio", "23"
"", "", "Ola", "2", "tie", "23"
"", "", "Ori", "2", "ure", "23"
"", "", "Pap", "2", "cer", "22"
"", "", "Peu", "2", "ceu", "22"
"", "", "Pla", "2", "esp", "22"
"", "", "Pon", "2", "exc", "22"
"", "", "Pou", "2", "for", "22"
"", "", "Pui", "2", "ica", "22"
"", "", "Qu'", "2", "ind", "22"
"", "", "Res", "2", "mie", "22"
"", "", "Rév", "2", "ner", "22"
"", "", "Ris", "2", "ray", "22"
"", "", "Rom", "2", "sai", "22"
"", "", "Ruh", "2", "sat", "22"
"", "", "Sil", "2", "act", "21"
"", "", "Son", "2", "ale", "21"
"", "", "Sor", "2", "aus", "21"
"", "", "Sup", "2", "dit", "21"
"", "", "Tre", "2", "ens", "21"
"", "", "Tru", "2", "fam", "21"
"", "", "Tuc", "2", "jus", "21"
"", "", "Une", "2", "man", "21"
"", "", "Ver", "2", "ord", "21"
"", "", "Vil", "2", "bea", "20"
"", "", "Viv", "2", "déc", "20"
"", "", "Wil", "2", "dév", "20"
"", "", "Acc", "1", "ide", "20"
"", "", "Adm", "1", "isi", "20"
"", "", "Age", "1", "len", "20"
"", "", "Aja", "1", "nes", "20"
"", "", "Ajo", "1", "sei", "20"
"", "", "Aoû", "1", "ton", "20"
"", "", "Ard", "1", "uis", "20"
"", "", "Arr", "1", "aie", "19"
"", "", "Aus", "1", "ail", "19"
"", "", "Ava", "1", "aur", "19"
"", "", "Ave", "1", "dre", "19"
"", "", "Bac", "1", "iat", "19"
"", "", "Bes", "1", "onn", "19"
"", "", "Bib", "1", "réa", "19"
"", "", "Blo", "1", "rec", "19"
"", "", "Bor", "1", "rue", "19"
"", "", "Bra", "1", "cès", "18"
"", "", "Bui", "1", "déj", "18"
"", "", "Bur", "1", "éga", "18"
"", "", "Cam", "1", "fin", "18"
"", "", "Cas", "1", "lie", "18"
"", "", "CHÈ", "1", "mat", "18"
"", "", "Cho", "1", "nai", "18"
"", "", "Cie", "1", "ndr", "18"
"", "", "Cob", "1", "nne", "18"
"", "", "Coo", "1", "ouv", "18"
"", "", "Cos", "1", "pag", "18"
"", "", "Cre", "1", "pui", "18"
"", "", "Cub", "1", "rai", "18"
"", "", "Dar", "1", "rge", "18"
"", "", "Dat", "1", "som", "18"
"", "", "Déb", "1", "ssé", "18"
"", "", "Déj", "1", "vis", "18"
"", "", "Dém", "1", "age", "17"
"", "", "DÉP", "1", "cam", "17"
"", "", "Dès", "1", "car", "17"
"", "", "Die", "1", "del", "17"
"", "", "Dir", "1", "der", "17"
"", "", "Dog", "1", "fon", "17"
"", "", "Eli", "1", "ise", "17"
"", "", "NA", "1", "lon", "17"
"", "", "Enc", "1", "nça", "17"
"", "", "Enq", "1", "non", "17"
"", "", "RA", "1", "oir", "17"
"", "", "Err", "1", "suc", "17"
"", "", "Evê", "1", "tai", "17"
"", "", "Exé", "1", "tel", "17"
"", "", "Fâc", "1", "adm", "16"
"", "", "Féd", "1", "ani", "16"
"", "", "Fér", "1", "ére", "16"
"", "", "Fév", "1", "fia", "16"
"", "", "Fid", "1", "hon", "16"
"", "", "Foc", "1", "ier", "16"
"", "", "Gam", "1", "ive", "16"
"", "", "Gas", "1", "mis", "16"
"", "", "GÉN", "1", "nem", "16"
"", "", "Gir", "1", "réu", "16"
"", "", "Gro", "1", "ris", "16"
"", "", "Ham", "1", "rit", "16"
"", "", "Hau", "1", "squ", "16"
"", "", "Hel", "1", "sta", "16"
"", "", "Hér", "1", "tri", "16"
"", "", "HÔT", "1", "uté", "16"
"", "", "Hôt", "1", "ate", "15"
"", "", "Hub", "1", "dél", "15"
"", "", "Ibs", "1", "emp", "15"
"", "", "Imp", "1", "env", "15"
"", "", "Ira", "1", "fes", "15"
"", "", "Jap", "1", "hol", "15"
"", "", "Jon", "1", "met", "15"
"", "", "Jou", "1", "nts", "15"
"", "", "Jug", "1", "org", "15"
"", "", "Jup", "1", "ori", "15"
"", "", "Kah", "1", "ort", "15"
"", "", "Laz", "1", "ose", "15"
"", "", "LÉE", "1", "rev", "15"
"", "", "Leg", "1", "sti", "15"
"", "", "LÉG", "1", "vre", "15"
"", "", "Leh", "1", "ari", "14"
"", "", "Leu", "1", "cri", "14"
"", "", "Low", "1", "cte", "14"
"", "", "Lui", "1", "fal", "14"
"", "", "Lut", "1", "ina", "14"
"", "", "Lya", "1", "iss", "14"
"", "", "Lyo", "1", "ita", "14"
"", "", "Mac", "1", "iti", "14"
"", "", "Maï", "1", "lis", "14"
"", "", "Mei", "1", "mbr", "14"
"", "", "Mén", "1", "nat", "14"
"", "", "Mex", "1", "ncs", "14"
"", "", "Moi", "1", "neu", "14"
"", "", "Myi", "1", "oué", "14"
"", "", "Nap", "1", "réc", "14"
"", "", "Nén", "1", "sec", "14"
"", "", "Nev", "1", "sor", "14"
"", "", "Noë", "1", "ste", "14"
"", "", "Nos", "1", "tic", "14"
"", "", "Not", "1", "alo", "13"
"", "", "Nul", "1", "céd", "13"
"", "", "Ont", "1", "dep", "13"
"", "", "Pat", "1", "did", "13"
"", "", "Pea", "1", "dif", "13"
"", "", "Per", "1", "ées", "13"
"", "", "Pet", "1", "fér", "13"
"", "", "Pol", "1", "ili", "13"
"", "", "Por", "1", "inc", "13"
"", "", "Pot", "1", "lée", "13"
"", "", "Pra", "1", "let", "13"
"", "", "Pre", "1", "lib", "13"
"", "", "Pru", "1", "liq", "13"
"", "", "Qua", "1", "mid", "13"
"", "", "Qué", "1", "ois", "13"
"", "", "QUÉ", "1", "pai", "13"
"", "", "Qui", "1", "sav", "13"
"", "", "Rec", "1", "sib", "13"
"", "", "Red", "1", "sin", "13"
"", "", "RÉÉ", "1", "tis", "13"
"", "", "Réf", "1", "uco", "13"
"", "", "Rep", "1", "uel", "13"
"", "", "Réu", "1", "vic", "13"
"", "", "Rie", "1", "adv", "12"
"", "", "Rig", "1", "cro", "12"
"", "", "Roc", "1", "doi", "12"
"", "", "Rou", "1", "égu", "12"
"", "", "Rud", "1", "ema", "12"
"", "", "Sce", "1", "enf", "12"
"", "", "Sch", "1", "erv", "12"
"", "", "SÉA", "1", "inv", "12"
"", "", "Sei", "1", "its", "12"
"", "", "Sep", "1", "jeu", "12"
"", "", "Seu", "1", "mar", "12"
"", "", "Sèv", "1", "off", "12"
"", "", "Sim", "1", "omm", "12"
"", "", "Sir", "1", "omp", "12"
"", "", "Sol", "1", "pub", "12"
"", "", "Sud", "1", "sal", "12"
"", "", "Sui", "1", "ssi", "12"
"", "", "Suz", "1", "sto", "12"
"", "", "Tab", "1", "tré", "12"
"", "", "Téz", "1", "uti", "12"
"", "", "Thé", "1", "uve", "12"
"", "", "Thi", "1", "vra", "12"
"", "", "Thr", "1", "abo", "11"
"", "", "Thw", "1", "cai", "11"
"", "", "Tor", "1", "cau", "11"
"", "", "Trè", "1", "cir", "11"
"", "", "Tuf", "1", "col", "11"
"", "", "Tur", "1", "cra", "11"
"", "", "Uti", "1", "dou", "11"
"", "", "Veu", "1", "dra", "11"
"", "", "Vib", "1", "eau", "11"
"", "", "Vos", "1", "enn", "11"
"", "", "Voy", "1", "exe", "11"
"", "", "Was", "1", "ine", "11"
"", "", "Wea", "1", "isa", "11"
"", "", "Wri", "1", "lig", "11"
"", "", "Yor", "1", "lit", "11"
"", "", "Zél", "1", "min", "11"
"", "", "", "", "mod", "11"
"", "", "", "", "nan", "11"
"", "", "", "", "nir", "11"
"", "", "", "", "onc", "11"
"", "", "", "", "ran", "11"
"", "", "", "", "rat", "11"
"", "", "", "", "rég", "11"
"", "", "", "", "ria", "11"
"", "", "", "", "sac", "11"
"", "", "", "", "scr", "11"
"", "", "", "", "séa", "11"
"", "", "", "", "sim", "11"
"", "", "", "", "ssa", "11"
"", "", "", "", "tea", "11"
"", "", "", "", "tur", "11"
"", "", "", "", "ueu", "11"
"", "", "", "", "ula", "11"
"", "", "", "", "use", "11"
"", "", "", "", "viv", "11"
"", "", "", "", "abs", "10"
"", "", "", "", "ang", "10"
"", "", "", "", "ann", "10"
"", "", "", "", "cep", "10"
"", "", "", "", "din", "10"
"", "", "", "", "eff", "10"
"", "", "", "", "ept", "10"
"", "", "", "", "érê", "10"
"", "", "", "", "ern", "10"
"", "", "", "", "fer", "10"
"", "", "", "", "gar", "10"
"", "", "", "", "ign", "10"
"", "", "", "", "inf", "10"
"", "", "", "", "ira", "10"
"", "", "", "", "lac", "10"
"", "", "", "", "lic", "10"
"", "", "", "", "loi", "10"
"", "", "", "", "ora", "10"
"", "", "", "", "pat", "10"
"", "", "", "", "tés", "10"
"", "", "", "", "têt", "10"
"", "", "", "", "teu", "10"
"", "", "", "", "tit", "10"
"", "", "", "", "tôt", "10"
"", "", "", "", "uit", "10"
"", "", "", "", "val", "10"
"", "", "", "", "van", "10"
"", "", "", "", "ato", "9"
"", "", "", "", "bla", "9"
"", "", "", "", "bou", "9"
"", "", "", "", "cen", "9"
"", "", "", "", "coe", "9"
"", "", "", "", "cor", "9"
"", "", "", "", "dét", "9"
"", "", "", "", "eni", "9"
"", "", "", "", "épr", "9"
"", "", "", "", "err", "9"
"", "", "", "", "eun", "9"
"", "", "", "", "fem", "9"
"", "", "", "", "fit", "9"
"", "", "", "", "hôt", "9"
"", "", "", "", "idé", "9"
"", "", "", "", "ini", "9"
"", "", "", "", "lam", "9"
"", "", "", "", "lev", "9"
"", "", "", "", "lqu", "9"
"", "", "", "", "mor", "9"
"", "", "", "", "mpl", "9"
"", "", "", "", "nie", "9"
"", "", "", "", "occ", "9"
"", "", "", "", "pal", "9"
"", "", "", "", "pec", "9"
"", "", "", "", "pei", "9"
"", "", "", "", "quo", "9"
"", "", "", "", "rna", "9"
"", "", "", "", "ron", "9"
"", "", "", "", "tat", "9"
"", "", "", "", "the", "9"
"", "", "", "", "tiq", "9"
"", "", "", "", "ues", "9"
"", "", "", "", "uni", "9"
"", "", "", "", "vil", "9"
"", "", "", "", "vit", "9"
"", "", "", "", "ade", "8"
"", "", "", "", "avi", "8"
"", "", "", "", "cat", "8"
"", "", "", "", "cea", "8"
"", "", "", "", "cur", "8"
"", "", "", "", "dam", "8"
"", "", "", "", "déb", "8"
"", "", "", "", "dés", "8"
"", "", "", "", "dro", "8"
"", "", "", "", "éch", "8"
"", "", "", "", "écr", "8"
"", "", "", "", "èle", "8"
"", "", "", "", "enu", "8"
"", "", "", "", "era", "8"
"", "", "", "", "exi", "8"
"", "", "", "", "gni", "8"
"", "", "", "", "grè", "8"
"", "", "", "", "hom", "8"
"", "", "", "", "ieu", "8"
"", "", "", "", "ife", "8"
"", "", "", "", "ime", "8"
"", "", "", "", "ito", "8"
"", "", "", "", "jam", "8"
"", "", "", "", "jug", "8"
"", "", "", "", "lar", "8"
"", "", "", "", "mot", "8"
"", "", "", "", "nco", "8"
"", "", "", "", "nio", "8"
"", "", "", "", "nta", "8"
"", "", "", "", "oeu", "8"
"", "", "", "", "oin", "8"
"", "", "", "", "pér", "8"
"", "", "", "", "pir", "8"
"", "", "", "", "poi", "8"
"", "", "", "", "pol", "8"
"", "", "", "", "pop", "8"
"", "", "", "", "prè", "8"
"", "", "", "", "réf", "8"
"", "", "", "", "rét", "8"
"", "", "", "", "sén", "8"
"", "", "", "", "sig", "8"
"", "", "", "", "sus", "8"
"", "", "", "", "tim", "8"
"", "", "", "", "vea", "8"
"", "", "", "", "ame", "7"
"", "", "", "", "arg", "7"
"", "", "", "", "auc", "7"
"", "", "", "", "bat", "7"
"", "", "", "", "bel", "7"
"", "", "", "", "bra", "7"
"", "", "", "", "bur", "7"
"", "", "", "", "cin", "7"
"", "", "", "", "cip", "7"
"", "", "", "", "côt", "7"
"", "", "", "", "cun", "7"
"", "", "", "", "dur", "7"
"", "", "", "", "écl", "7"
"", "", "", "", "élu", "7"
"", "", "", "", "éti", "7"
"", "", "", "", "étu", "7"
"", "", "", "", "fec", "7"
"", "", "", "", "fic", "7"
"", "", "", "", "fid", "7"
"", "", "", "", "fro", "7"
"", "", "", "", "fut", "7"
"", "", "", "", "gne", "7"
"", "", "", "", "hie", "7"
"", "", "", "", "iel", "7"
"", "", "", "", "ige", "7"
"", "", "", "", "itu", "7"
"", "", "", "", "jad", "7"
"", "", "", "", "jar", "7"
"", "", "", "", "joi", "7"
"", "", "", "", "lou", "7"
"", "", "", "", "méc", "7"
"", "", "", "", "méd", "7"
"", "", "", "", "mer", "7"
"", "", "", "", "mil", "7"
"", "", "", "", "nal", "7"
"", "", "", "", "obl", "7"
"", "", "", "", "olu", "7"
"", "", "", "", "pau", "7"
"", "", "", "", "pon", "7"
"", "", "", "", "rag", "7"
"", "", "", "", "rer", "7"
"", "", "", "", "rné", "7"
"", "", "", "", "rra", "7"
"", "", "", "", "sag", "7"
"", "", "", "", "sel", "7"
"", "", "", "", "sit", "7"
"", "", "", "", "sol", "7"
"", "", "", "", "sup", "7"
"", "", "", "", "tar", "7"
"", "", "", "", "tia", "7"
"", "", "", "", "tin", "7"
"", "", "", "", "tiv", "7"
"", "", "", "", "uer", "7"
"", "", "", "", "upe", "7"
"", "", "", "", "uré", "7"
"", "", "", "", "vel", "7"
"", "", "", "", "ves", "7"
"", "", "", "", "ach", "6"
"", "", "", "", "agi", "6"
"", "", "", "", "ajo", "6"
"", "", "", "", "ali", "6"
"", "", "", "", "amb", "6"
"", "", "", "", "amé", "6"
"", "", "", "", "auj", "6"
"", "", "", "", "cal", "6"
"", "", "", "", "cia", "6"
"", "", "", "", "cie", "6"
"", "", "", "", "cle", "6"
"", "", "", "", "dès", "6"
"", "", "", "", "div", "6"
"", "", "", "", "dom", "6"
"", "", "", "", "els", "6"
"", "", "", "", "euv", "6"
"", "", "", "", "fet", "6"
"", "", "", "", "fie", "6"
"", "", "", "", "gag", "6"
"", "", "", "", "gen", "6"
"", "", "", "", "gro", "6"
"", "", "", "", "hai", "6"
"", "", "", "", "hes", "6"
"", "", "", "", "hte", "6"
"", "", "", "", "hum", "6"
"", "", "", "", "ibl", "6"
"", "", "", "", "ice", "6"
"", "", "", "", "ièr", "6"
"", "", "", "", "ies", "6"
"", "", "", "", "iét", "6"
"", "", "", "", "igi", "6"
"", "", "", "", "imm", "6"
"", "", "", "", "ing", "6"
"", "", "", "", "iso", "6"
"", "", "", "", "ivé", "6"
"", "", "", "", "lan", "6"
"", "", "", "", "lin", "6"
"", "", "", "", "maj", "6"
"", "", "", "", "mei", "6"
"", "", "", "", "mem", "6"
"", "", "", "", "miè", "6"
"", "", "", "", "mme", "6"
"", "", "", "", "mps", "6"
"", "", "", "", "nbe", "6"
"", "", "", "", "née", "6"
"", "", "", "", "nim", "6"
"", "", "", "", "nqu", "6"
"", "", "", "", "ola", "6"
"", "", "", "", "ona", "6"
"", "", "", "", "ope", "6"
"", "", "", "", "opé", "6"
"", "", "", "", "oue", "6"
"", "", "", "", "pli", "6"
"", "", "", "", "qué", "6"
"", "", "", "", "ral", "6"
"", "", "", "", "réé", "6"
"", "", "", "", "riq", "6"
"", "", "", "", "rir", "6"
"", "", "", "", "rqu", "6"
"", "", "", "", "sab", "6"
"", "", "", "", "sée", "6"
"", "", "", "", "spé", "6"
"", "", "", "", "str", "6"
"", "", "", "", "tée", "6"
"", "", "", "", "tié", "6"
"", "", "", "", "til", "6"
"", "", "", "", "tte", "6"
"", "", "", "", "ude", "6"
"", "", "", "", "uei", "6"
"", "", "", "", "uli", "6"
"", "", "", "", "ume", "6"
"", "", "", "", "una", "6"
"", "", "", "", "von", "6"
"", "", "", "", "voy", "6"
"", "", "", "", "aba", "5"
"", "", "", "", "adj", "5"
"", "", "", "", "adr", "5"
"", "", "", "", "agn", "5"
"", "", "", "", "aim", "5"
"", "", "", "", "arc", "5"
"", "", "", "", "aup", "5"
"", "", "", "", "bal", "5"
"", "", "", "", "bes", "5"
"", "", "", "", "bli", "5"
"", "", "", "", "cit", "5"
"", "", "", "", "clu", "5"
"", "", "", "", "cre", "5"
"", "", "", "", "cul", "5"
"", "", "", "", "cut", "5"
"", "", "", "", "d'h", "5"
"", "", "", "", "dai", "5"
"", "", "", "", "déf", "5"
"", "", "", "", "dém", "5"
"", "", "", "", "dén", "5"
"", "", "", "", "dia", "5"
"", "", "", "", "dîn", "5"
"", "", "", "", "due", "5"
"", "", "", "", "dui", "5"
"", "", "", "", "êch", "5"
"", "", "", "", "éco", "5"
"", "", "", "", "élo", "5"
"", "", "", "", "ème", "5"
"", "", "", "", "emi", "5"
"", "", "", "", "émo", "5"
"", "", "", "", "épi", "5"
"", "", "", "", "erc", "5"
"", "", "", "", "erp", "5"
"", "", "", "", "esc", "5"
"", "", "", "", "ête", "5"
"", "", "", "", "ève", "5"
"", "", "", "", "ffr", "5"
"", "", "", "", "gou", "5"
"", "", "", "", "hab", "5"
"", "", "", "", "han", "5"
"", "", "", "", "hau", "5"
"", "", "", "", "her", "5"
"", "", "", "", "hou", "5"
"", "", "", "", "igé", "5"
"", "", "", "", "iva", "5"
"", "", "", "", "lab", "5"
"", "", "", "", "lli", "5"
"", "", "", "", "lsw", "5"
"", "", "", "", "nci", "5"
"", "", "", "", "ndo", "5"
"", "", "", "", "néc", "5"
"", "", "", "", "neg", "5"
"", "", "", "", "niè", "5"
"", "", "", "", "nné", "5"
"", "", "", "", "nob", "5"
"", "", "", "", "nôt", "5"
"", "", "", "", "ntu", "5"
"", "", "", "", "nui", "5"
"", "", "", "", "oci", "5"
"", "", "", "", "ole", "5"
"", "", "", "", "oub", "5"
"", "", "", "", "out", "5"
"", "", "", "", "plé", "5"
"", "", "", "", "prê", "5"
"", "", "", "", "pte", "5"
"", "", "", "", "quê", "5"
"", "", "", "", "rap", "5"
"", "", "", "", "ras", "5"
"", "", "", "", "rba", "5"
"", "", "", "", "rch", "5"
"", "", "", "", "rée", "5"
"", "", "", "", "reg", "5"
"", "", "", "", "rgi", "5"
"", "", "", "", "rif", "5"
"", "", "", "", "rou", "5"
"", "", "", "", "sûr", "5"
"", "", "", "", "sym", "5"
"", "", "", "", "tac", "5"
"", "", "", "", "tag", "5"
"", "", "", "", "toi", "5"
"", "", "", "", "tor", "5"
"", "", "", "", "uff", "5"
"", "", "", "", "ult", "5"
"", "", "", "", "upu", "5"
"", "", "", "", "usa", "5"
"", "", "", "", "ute", "5"
"", "", "", "", "vei", "5"
"", "", "", "", "veu", "5"
"", "", "", "", "vol", "5"
"", "", "", "", "ace", "4"
"", "", "", "", "aid", "4"
"", "", "", "", "aît", "4"
"", "", "", "", "apa", "4"
"", "", "", "", "ara", "4"
"", "", "", "", "are", "4"
"", "", "", "", "arl", "4"
"", "", "", "", "arm", "4"
"", "", "", "", "arq", "4"
"", "", "", "", "ats", "4"
"", "", "", "", "atu", "4"
"", "", "", "", "aud", "4"
"", "", "", "", "ban", "4"
"", "", "", "", "bor", "4"
"", "", "", "", "bri", "4"
"", "", "", "", "cas", "4"
"", "", "", "", "cem", "4"
"", "", "", "", "chi", "4"
"", "", "", "", "cla", "4"
"", "", "", "", "clo", "4"
"", "", "", "", "crè", "4"
"", "", "", "", "élé", "4"
"", "", "", "", "éne", "4"
"", "", "", "", "épu", "4"
"", "", "", "", "éré", "4"
"", "", "", "", "êté", "4"
"", "", "", "", "étr", "4"
"", "", "", "", "eub", "4"
"", "", "", "", "eus", "4"
"", "", "", "", "éve", "4"
"", "", "", "", "fêt", "4"
"", "", "", "", "ffe", "4"
"", "", "", "", "fir", "4"
"", "", "", "", "foy", "4"
"", "", "", "", "ger", "4"
"", "", "", "", "ges", "4"
"", "", "", "", "gte", "4"
"", "", "", "", "hit", "4"
"", "", "", "", "hos", "4"
"", "", "", "", "iée", "4"
"", "", "", "", "imi", "4"
"", "", "", "", "isé", "4"
"", "", "", "", "isf", "4"
"", "", "", "", "ivi", "4"
"", "", "", "", "jet", "4"
"", "", "", "", "lau", "4"
"", "", "", "", "lec", "4"
"", "", "", "", "lég", "4"
"", "", "", "", "lia", "4"
"", "", "", "", "lot", "4"
"", "", "", "", "loy", "4"
"", "", "", "", "lus", "4"
"", "", "", "", "mag", "4"
"", "", "", "", "mas", "4"
"", "", "", "", "meu", "4"
"", "", "", "", "mom", "4"
"", "", "", "", "mpé", "4"
"", "", "", "", "nca", "4"
"", "", "", "", "nds", "4"
"", "", "", "", "nen", "4"
"", "", "", "", "nis", "4"
"", "", "", "", "nor", "4"
"", "", "", "", "opi", "4"
"", "", "", "", "opp", "4"
"", "", "", "", "oss", "4"
"", "", "", "", "ouc", "4"
"", "", "", "", "oui", "4"
"", "", "", "", "ref", "4"
"", "", "", "", "rév", "4"
"", "", "", "", "rig", "4"
"", "", "", "", "roc", "4"
"", "", "", "", "rod", "4"
"", "", "", "", "rti", "4"
"", "", "", "", "run", "4"
"", "", "", "", "sau", "4"
"", "", "", "", "sér", "4"
"", "", "", "", "siè", "4"
"", "", "", "", "sil", "4"
"", "", "", "", "six", "4"
"", "", "", "", "tâc", "4"
"", "", "", "", "tal", "4"
"", "", "", "", "tif", "4"
"", "", "", "", "tue", "4"
"", "", "", "", "uat", "4"
"", "", "", "", "uen", "4"
"", "", "", "", "uêt", "4"
"", "", "", "", "ugu", "4"
"", "", "", "", "uri", "4"
"", "", "", "", "usé", "4"
"", "", "", "", "uva", "4"
"", "", "", "", "uvé", "4"
"", "", "", "", "vér", "4"
"", "", "", "", "vin", "4"
"", "", "", "", "vos", "4"
"", "", "", "", "vue", "4"
"", "", "", "", "abu", "3"
"", "", "", "", "agé", "3"
"", "", "", "", "âge", "3"
"", "", "", "", "ape", "3"
"", "", "", "", "asi", "3"
"", "", "", "", "asp", "3"
"", "", "", "", "aya", "3"
"", "", "", "", "bas", "3"
"", "", "", "", "boi", "3"
"", "", "", "", "bué", "3"
"", "", "", "", "cac", "3"
"", "", "", "", "caf", "3"
"", "", "", "", "cap", "3"
"", "", "", "", "cér", "3"
"", "", "", "", "châ", "3"
"", "", "", "", "ché", "3"
"", "", "", "", "civ", "3"
"", "", "", "", "cto", "3"
"", "", "", "", "cui", "3"
"", "", "", "", "dar", "3"
"", "", "", "", "dat", "3"
"", "", "", "", "dav", "3"
"", "", "", "", "dég", "3"
"", "", "", "", "den", "3"
"", "", "", "", "dig", "3"
"", "", "", "", "dip", "3"
"", "", "", "", "éan", "3"
"", "", "", "", "edi", "3"
"", "", "", "", "eil", "3"
"", "", "", "", "éli", "3"
"", "", "", "", "emm", "3"
"", "", "", "", "ena", "3"
"", "", "", "", "eng", "3"
"", "", "", "", "épa", "3"
"", "", "", "", "épe", "3"
"", "", "", "", "erd", "3"
"", "", "", "", "ere", "3"
"", "", "", "", "ero", "3"
"", "", "", "", "ets", "3"
"", "", "", "", "ett", "3"
"", "", "", "", "eût", "3"
"", "", "", "", "évi", "3"
"", "", "", "", "fâc", "3"
"", "", "", "", "ffl", "3"
"", "", "", "", "fui", "3"
"", "", "", "", "fur", "3"
"", "", "", "", "gem", "3"
"", "", "", "", "gên", "3"
"", "", "", "", "grâ", "3"
"", "", "", "", "hér", "3"
"", "", "", "", "hés", "3"
"", "", "", "", "hin", "3"
"", "", "", "", "hor", "3"
"", "", "", "", "iag", "3"
"", "", "", "", "ico", "3"
"", "", "", "", "iem", "3"
"", "", "", "", "ile", "3"
"", "", "", "", "imé", "3"
"", "", "", "", "iné", "3"
"", "", "", "", "ino", "3"
"", "", "", "", "inq", "3"
"", "", "", "", "ioc", "3"
"", "", "", "", "iro", "3"
"", "", "", "", "isl", "3"
"", "", "", "", "isp", "3"
"", "", "", "", "ivr", "3"
"", "", "", "", "kil", "3"
"", "", "", "", "lag", "3"
"", "", "", "", "laq", "3"
"", "", "", "", "lav", "3"
"", "", "", "", "lea", "3"
"", "", "", "", "lèg", "3"
"", "", "", "", "lio", "3"
"", "", "", "", "loc", "3"
"", "", "", "", "log", "3"
"", "", "", "", "lom", "3"
"", "", "", "", "lud", "3"
"", "", "", "", "lut", "3"
"", "", "", "", "mén", "3"
"", "", "", "", "mér", "3"
"", "", "", "", "moy", "3"
"", "", "", "", "mpe", "3"
"", "", "", "", "naî", "3"
"", "", "", "", "ncu", "3"
"", "", "", "", "nda", "3"
"", "", "", "", "nég", "3"
"", "", "", "", "nev", "3"
"", "", "", "", "nge", "3"
"", "", "", "", "ntô", "3"
"", "", "", "", "nul", "3"
"", "", "", "", "ocr", "3"
"", "", "", "", "omb", "3"
"", "", "", "", "omn", "3"
"", "", "", "", "oni", "3"
"", "", "", "", "oqu", "3"
"", "", "", "", "orb", "3"
"", "", "", "", "orm", "3"
"", "", "", "", "osé", "3"
"", "", "", "", "ôts", "3"
"", "", "", "", "oye", "3"
"", "", "", "", "oyé", "3"
"", "", "", "", "pab", "3"
"", "", "", "", "pan", "3"
"", "", "", "", "pén", "3"
"", "", "", "", "pêt", "3"
"", "", "", "", "rab", "3"
"", "", "", "", "rac", "3"
"", "", "", "", "rav", "3"
"", "", "", "", "rde", "3"
"", "", "", "", "reç", "3"
"", "", "", "", "réd", "3"
"", "", "", "", "rès", "3"
"", "", "", "", "rez", "3"
"", "", "", "", "rio", "3"
"", "", "", "", "rma", "3"
"", "", "", "", "rmo", "3"
"", "", "", "", "rne", "3"
"", "", "", "", "rob", "3"
"", "", "", "", "rst", "3"
"", "", "", "", "rta", "3"
"", "", "", "", "rui", "3"
"", "", "", "", "sci", "3"
"", "", "", "", "séj", "3"
"", "", "", "", "sém", "3"
"", "", "", "", "sév", "3"
"", "", "", "", "sez", "3"
"", "", "", "", "sna", "3"
"", "", "", "", "sua", "3"
"", "", "", "", "suf", "3"
"", "", "", "", "sul", "3"
"", "", "", "", "tab", "3"
"", "", "", "", "thè", "3"
"", "", "", "", "tir", "3"
"", "", "", "", "tom", "3"
"", "", "", "", "tru", "3"
"", "", "", "", "tut", "3"
"", "", "", "", "twe", "3"
"", "", "", "", "uab", "3"
"", "", "", "", "ugl", "3"
"", "", "", "", "uie", "3"
"", "", "", "", "umo", "3"
"", "", "", "", "uns", "3"
"", "", "", "", "usi", "3"
"", "", "", "", "ust", "3"
"", "", "", "", "vau", "3"
"", "", "", "", "vio", "3"
"", "", "", "", "vir", "3"
"", "", "", "", "voc", "3"
"", "", "", "", "vri", "3"
"", "", "", "", "ada", "2"
"", "", "", "", "ado", "2"
"", "", "", "", "ald", "2"
"", "", "", "", "amè", "2"
"", "", "", "", "amm", "2"
"", "", "", "", "amn", "2"
"", "", "", "", "amu", "2"
"", "", "", "", "ane", "2"
"", "", "", "", "ané", "2"
"", "", "", "", "asn", "2"
"", "", "", "", "ast", "2"
"", "", "", "", "ata", "2"
"", "", "", "", "aug", "2"
"", "", "", "", "bab", "2"
"", "", "", "", "bil", "2"
"", "", "", "", "bol", "2"
"", "", "", "", "bru", "2"
"", "", "", "", "bul", "2"
"", "", "", "", "çan", "2"
"", "", "", "", "cèd", "2"
"", "", "", "", "cèr", "2"
"", "", "", "", "chè", "2"
"", "", "", "", "chû", "2"
"", "", "", "", "cis", "2"
"", "", "", "", "clé", "2"
"", "", "", "", "cop", "2"
"", "", "", "", "coû", "2"
"", "", "", "", "cré", "2"
"", "", "", "", "ctr", "2"
"", "", "", "", "déç", "2"
"", "", "", "", "dée", "2"
"", "", "", "", "dic", "2"
"", "", "", "", "dié", "2"
"", "", "", "", "doc", "2"
"", "", "", "", "dow", "2"
"", "", "", "", "doy", "2"
"", "", "", "", "eai", "2"
"", "", "", "", "èbr", "2"
"", "", "", "", "eci", "2"
"", "", "", "", "ède", "2"
"", "", "", "", "édi", "2"
"", "", "", "", "égl", "2"
"", "", "", "", "égo", "2"
"", "", "", "", "eig", "2"
"", "", "", "", "ela", "2"
"", "", "", "", "elé", "2"
"", "", "", "", "ême", "2"
"", "", "", "", "émi", "2"
"", "", "", "", "enq", "2"
"", "", "", "", "éph", "2"
"", "", "", "", "épo", "2"
"", "", "", "", "équ", "2"
"", "", "", "", "erm", "2"
"", "", "", "", "eté", "2"
"", "", "", "", "ète", "2"
"", "", "", "", "éto", "2"
"", "", "", "", "evo", "2"
"", "", "", "", "exa", "2"
"", "", "", "", "exé", "2"
"", "", "", "", "ext", "2"
"", "", "", "", "fav", "2"
"", "", "", "", "fél", "2"
"", "", "", "", "feu", "2"
"", "", "", "", "fié", "2"
"", "", "", "", "fis", "2"
"", "", "", "", "fût", "2"
"", "", "", "", "gai", "2"
"", "", "", "", "gau", "2"
"", "", "", "", "gné", "2"
"", "", "", "", "gué", "2"
"", "", "", "", "hât", "2"
"", "", "", "", "hen", "2"
"", "", "", "", "hir", "2"
"", "", "", "", "hiv", "2"
"", "", "", "", "hod", "2"
"", "", "", "", "hui", "2"
"", "", "", "", "iab", "2"
"", "", "", "", "ian", "2"
"", "", "", "", "ich", "2"
"", "", "", "", "icl", "2"
"", "", "", "", "idi", "2"
"", "", "", "", "iff", "2"
"", "", "", "", "ima", "2"
"", "", "", "", "imu", "2"
"", "", "", "", "inj", "2"
"", "", "", "", "inn", "2"
"", "", "", "", "irm", "2"
"", "", "", "", "ïst", "2"
"", "", "", "", "itr", "2"
"", "", "", "", "kel", "2"
"", "", "", "", "leç", "2"
"", "", "", "", "lés", "2"
"", "", "", "", "lez", "2"
"", "", "", "", "lié", "2"
"", "", "", "", "lim", "2"
"", "", "", "", "lir", "2"
"", "", "", "", "liv", "2"
"", "", "", "", "llé", "2"
"", "", "", "", "llo", "2"
"", "", "", "", "lue", "2"
"", "", "", "", "mac", "2"
"", "", "", "", "mau", "2"
"", "", "", "", "mbi", "2"
"", "", "", "", "mée", "2"
"", "", "", "", "mêl", "2"
"", "", "", "", "més", "2"
"", "", "", "", "mét", "2"
"", "", "", "", "mèt", "2"
"", "", "", "", "moq", "2"
"", "", "", "", "mul", "2"
"", "", "", "", "mur", "2"
"", "", "", "", "ncé", "2"
"", "", "", "", "nch", "2"
"", "", "", "", "ndu", "2"
"", "", "", "", "nés", "2"
"", "", "", "", "net", "2"
"", "", "", "", "nez", "2"
"", "", "", "", "ngé", "2"
"", "", "", "", "nif", "2"
"", "", "", "", "nit", "2"
"", "", "", "", "nle", "2"
"", "", "", "", "noi", "2"
"", "", "", "", "nsi", "2"
"", "", "", "", "nti", "2"
"", "", "", "", "ntr", "2"
"", "", "", "", "nze", "2"
"", "", "", "", "obr", "2"
"", "", "", "", "obs", "2"
"", "", "", "", "oct", "2"
"", "", "", "", "oei", "2"
"", "", "", "", "ogé", "2"
"", "", "", "", "oie", "2"
"", "", "", "", "oig", "2"
"", "", "", "", "olé", "2"
"", "", "", "", "olt", "2"
"", "", "", "", "omo", "2"
"", "", "", "", "one", "2"
"", "", "", "", "onz", "2"
"", "", "", "", "oph", "2"
"", "", "", "", "orc", "2"
"", "", "", "", "oré", "2"
"", "", "", "", "ota", "2"
"", "", "", "", "oût", "2"
"", "", "", "", "oux", "2"
"", "", "", "", "pap", "2"
"", "", "", "", "pea", "2"
"", "", "", "", "pêc", "2"
"", "", "", "", "pèr", "2"
"", "", "", "", "piè", "2"
"", "", "", "", "pit", "2"
"", "", "", "", "plo", "2"
"", "", "", "", "ppa", "2"
"", "", "", "", "pra", "2"
"", "", "", "", "ptu", "2"
"", "", "", "", "raî", "2"
"", "", "", "", "rar", "2"
"", "", "", "", "rda", "2"
"", "", "", "", "red", "2"
"", "", "", "", "rej", "2"
"", "", "", "", "réj", "2"
"", "", "", "", "réq", "2"
"", "", "", "", "rff", "2"
"", "", "", "", "rgé", "2"
"", "", "", "", "rib", "2"
"", "", "", "", "rim", "2"
"", "", "", "", "riv", "2"
"", "", "", "", "rle", "2"
"", "", "", "", "rme", "2"
"", "", "", "", "rôl", "2"
"", "", "", "", "rom", "2"
"", "", "", "", "roy", "2"
"", "", "", "", "rsu", "2"
"", "", "", "", "rte", "2"
"", "", "", "", "sdo", "2"
"", "", "", "", "séc", "2"
"", "", "", "", "sep", "2"
"", "", "", "", "sés", "2"
"", "", "", "", "sif", "2"
"", "", "", "", "sir", "2"
"", "", "", "", "sis", "2"
"", "", "", "", "ski", "2"
"", "", "", "", "sme", "2"
"", "", "", "", "sso", "2"
"", "", "", "", "sub", "2"
"", "", "", "", "tec", "2"
"", "", "", "", "tei", "2"
"", "", "", "", "tér", "2"
"", "", "", "", "tex", "2"
"", "", "", "", "tib", "2"
"", "", "", "", "tog", "2"
"", "", "", "", "tot", "2"
"", "", "", "", "tui", "2"
"", "", "", "", "tva", "2"
"", "", "", "", "udi", "2"
"", "", "", "", "uet", "2"
"", "", "", "", "uil", "2"
"", "", "", "", "uir", "2"
"", "", "", "", "umi", "2"
"", "", "", "", "upa", "2"
"", "", "", "", "urr", "2"
"", "", "", "", "uss", "2"
"", "", "", "", "vég", "2"
"", "", "", "", "vem", "2"
"", "", "", "", "via", "2"
"", "", "", "", "voq", "2"
"", "", "", "", "xan", "2"
"", "", "", "", "xel", "2"
"", "", "", "", "xim", "2"
"", "", "", "", "xit", "2"
"", "", "", "", "yeu", "2"
"", "", "", "", "abd", "1"
"", "", "", "", "abi", "1"
"", "", "", "", "aca", "1"
"", "", "", "", "acé", "1"
"", "", "", "", "acl", "1"
"", "", "", "", "acq", "1"
"", "", "", "", "afi", "1"
"", "", "", "", "aga", "1"
"", "", "", "", "agr", "1"
"", "", "", "", "aig", "1"
"", "", "", "", "ala", "1"
"", "", "", "", "alt", "1"
"", "", "", "", "aly", "1"
"", "", "", "", "âma", "1"
"", "", "", "", "âme", "1"
"", "", "", "", "amo", "1"
"", "", "", "", "amp", "1"
"", "", "", "", "ana", "1"
"", "", "", "", "aok", "1"
"", "", "", "", "aqu", "1"
"", "", "", "", "aré", "1"
"", "", "", "", "ase", "1"
"", "", "", "", "atr", "1"
"", "", "", "", "âtr", "1"
"", "", "", "", "aul", "1"
"", "", "", "", "aum", "1"
"", "", "", "", "auq", "1"
"", "", "", "", "avé", "1"
"", "", "", "", "bai", "1"
"", "", "", "", "bar", "1"
"", "", "", "", "bav", "1"
"", "", "", "", "bée", "1"
"", "", "", "", "ben", "1"
"", "", "", "", "bén", "1"
"", "", "", "", "ber", "1"
"", "", "", "", "bet", "1"
"", "", "", "", "beu", "1"
"", "", "", "", "bib", "1"
"", "", "", "", "bin", "1"
"", "", "", "", "biz", "1"
"", "", "", "", "blo", "1"
"", "", "", "", "bos", "1"
"", "", "", "", "brè", "1"
"", "", "", "", "bro", "1"
"", "", "", "", "bua", "1"
"", "", "", "", "bûc", "1"
"", "", "", "", "buf", "1"
"", "", "", "", "bui", "1"
"", "", "", "", "but", "1"
"", "", "", "", "cad", "1"
"", "", "", "", "çai", "1"
"", "", "", "", "cée", "1"
"", "", "", "", "cél", "1"
"", "", "", "", "cém", "1"
"", "", "", "", "chê", "1"
"", "", "", "", "chô", "1"
"", "", "", "", "chr", "1"
"", "", "", "", "chu", "1"
"", "", "", "", "ciè", "1"
"", "", "", "", "clô", "1"
"", "", "", "", "coa", "1"
"", "", "", "", "cog", "1"
"", "", "", "", "coh", "1"
"", "", "", "", "coi", "1"
"", "", "", "", "çon", "1"
"", "", "", "", "coo", "1"
"", "", "", "", "coq", "1"
"", "", "", "", "cqu", "1"
"", "", "", "", "cru", "1"
"", "", "", "", "crû", "1"
"", "", "", "", "cup", "1"
"", "", "", "", "dea", "1"
"", "", "", "", "dek", "1"
"", "", "", "", "dér", "1"
"", "", "", "", "dez", "1"
"", "", "", "", "dho", "1"
"", "", "", "", "die", "1"
"", "", "", "", "dio", "1"
"", "", "", "", "dix", "1"
"", "", "", "", "diz", "1"
"", "", "", "", "dol", "1"
"", "", "", "", "duc", "1"
"", "", "", "", "dus", "1"
"", "", "", "", "ean", "1"
"", "", "", "", "éca", "1"
"", "", "", "", "eçu", "1"
"", "", "", "", "édé", "1"
"", "", "", "", "édu", "1"
"", "", "", "", "éfi", "1"
"", "", "", "", "efo", "1"
"", "", "", "", "efs", "1"
"", "", "", "", "ége", "1"
"", "", "", "", "ège", "1"
"", "", "", "", "éla", "1"
"", "", "", "", "élè", "1"
"", "", "", "", "elo", "1"
"", "", "", "", "éma", "1"
"", "", "", "", "émè", "1"
"", "", "", "", "emn", "1"
"", "", "", "", "emo", "1"
"", "", "", "", "éna", "1"
"", "", "", "", "éné", "1"
"", "", "", "", "enh", "1"
"", "", "", "", "éni", "1"
"", "", "", "", "eno", "1"
"", "", "", "", "éno", "1"
"", "", "", "", "énu", "1"
"", "", "", "", "ési", "1"
"", "", "", "", "esq", "1"
"", "", "", "", "eta", "1"
"", "", "", "", "eth", "1"
"", "", "", "", "eti", "1"
"", "", "", "", "etL", "1"
"", "", "", "", "eva", "1"
"", "", "", "", "evé", "1"
"", "", "", "", "evi", "1"
"", "", "", "", "evr", "1"
"", "", "", "", "fac", "1"
"", "", "", "", "fas", "1"
"", "", "", "", "fat", "1"
"", "", "", "", "féc", "1"
"", "", "", "", "fen", "1"
"", "", "", "", "fèr", "1"
"", "", "", "", "fét", "1"
"", "", "", "", "ffé", "1"
"", "", "", "", "fiè", "1"
"", "", "", "", "fig", "1"
"", "", "", "", "fiq", "1"
"", "", "", "", "fix", "1"
"", "", "", "", "fle", "1"
"", "", "", "", "flé", "1"
"", "", "", "", "fli", "1"
"", "", "", "", "flo", "1"
"", "", "", "", "fou", "1"
"", "", "", "", "fre", "1"
"", "", "", "", "fré", "1"
"", "", "", "", "frè", "1"
"", "", "", "", "fri", "1"
"", "", "", "", "fun", "1"
"", "", "", "", "fuy", "1"
"", "", "", "", "gal", "1"
"", "", "", "", "gat", "1"
"", "", "", "", "gea", "1"
"", "", "", "", "geo", "1"
"", "", "", "", "gér", "1"
"", "", "", "", "ght", "1"
"", "", "", "", "gin", "1"
"", "", "", "", "gla", "1"
"", "", "", "", "gle", "1"
"", "", "", "", "glo", "1"
"", "", "", "", "gre", "1"
"", "", "", "", "gri", "1"
"", "", "", "", "gso", "1"
"", "", "", "", "gto", "1"
"", "", "", "", "güe", "1"
"", "", "", "", "gur", "1"
"", "", "", "", "haî", "1"
"", "", "", "", "har", "1"
"", "", "", "", "has", "1"
"", "", "", "", "hef", "1"
"", "", "", "", "hég", "1"
"", "", "", "", "hès", "1"
"", "", "", "", "hié", "1"
"", "", "", "", "ial", "1"
"", "", "", "", "îch", "1"
"", "", "", "", "icu", "1"
"", "", "", "", "idè", "1"
"", "", "", "", "iés", "1"
"", "", "", "", "ièt", "1"
"", "", "", "", "iez", "1"
"", "", "", "", "ifi", "1"
"", "", "", "", "igu", "1"
"", "", "", "", "ila", "1"
"", "", "", "", "îne", "1"
"", "", "", "", "inl", "1"
"", "", "", "", "inu", "1"
"", "", "", "", "iod", "1"
"", "", "", "", "ipa", "1"
"", "", "", "", "ipe", "1"
"", "", "", "", "ipé", "1"
"", "", "", "", "iph", "1"
"", "", "", "", "ips", "1"
"", "", "", "", "irr", "1"
"", "", "", "", "irs", "1"
"", "", "", "", "isc", "1"
"", "", "", "", "isq", "1"
"", "", "", "", "it£", "1"
"", "", "", "", "jal", "1"
"", "", "", "", "jau", "1"
"", "", "", "", "jés", "1"
"", "", "", "", "jol", "1"
"", "", "", "", "joy", "1"
"", "", "", "", "las", "1"
"", "", "", "", "léc", "1"
"", "", "", "", "leq", "1"
"", "", "", "", "lèv", "1"
"", "", "", "", "lex", "1"
"", "", "", "", "lif", "1"
"", "", "", "", "lmu", "1"
"", "", "", "", "lor", "1"
"", "", "", "", "lpt", "1"
"", "", "", "", "lum", "1"
"", "", "", "", "lux", "1"
"", "", "", "", "lve", "1"
"", "", "", "", "max", "1"
"", "", "", "", "mém", "1"
"", "", "", "", "mèn", "1"
"", "", "", "", "mép", "1"
"", "", "", "", "mir", "1"
"", "", "", "", "mmo", "1"
"", "", "", "", "mob", "1"
"", "", "", "", "moe", "1"
"", "", "", "", "mos", "1"
"", "", "", "", "mou", "1"
"", "", "", "", "mum", "1"
"", "", "", "", "mus", "1"
"", "", "", "", "mut", "1"
"", "", "", "", "mvr", "1"
"", "", "", "", "mwa", "1"
"", "", "", "", "mys", "1"
"", "", "", "", "nab", "1"
"", "", "", "", "nap", "1"
"", "", "", "", "nar", "1"
"", "", "", "", "nau", "1"
"", "", "", "", "ncr", "1"
"", "", "", "", "ndé", "1"
"", "", "", "", "nea", "1"
"", "", "", "", "néa", "1"
"", "", "", "", "nei", "1"
"", "", "", "", "ném", "1"
"", "", "", "", "nér", "1"
"", "", "", "", "nét", "1"
"", "", "", "", "nêt", "1"
"", "", "", "", "nic", "1"
"", "", "", "", "nil", "1"
"", "", "", "", "nin", "1"
"", "", "", "", "niv", "1"
"", "", "", "", "nkl", "1"
"", "", "", "", "nna", "1"
"", "", "", "", "nop", "1"
"", "", "", "", "nsp", "1"
"", "", "", "", "nue", "1"
"", "", "", "", "nve", "1"
"", "", "", "", "nym", "1"
"", "", "", "", "obt", "1"
"", "", "", "", "oca", "1"
"", "", "", "", "oce", "1"
"", "", "", "", "océ", "1"
"", "", "", "", "ogn", "1"
"", "", "", "", "oit", "1"
"", "", "", "", "oll", "1"
"", "", "", "", "olo", "1"
"", "", "", "", "ols", "1"
"", "", "", "", "omè", "1"
"", "", "", "", "onf", "1"
"", "", "", "", "opo", "1"
"", "", "", "", "opt", "1"
"", "", "", "", "opu", "1"
"", "", "", "", "osa", "1"
"", "", "", "", "osi", "1"
"", "", "", "", "ost", "1"
"", "", "", "", "ous", "1"
"", "", "", "", "oxi", "1"
"", "", "", "", "pac", "1"
"", "", "", "", "paq", "1"
"", "", "", "", "pço", "1"
"", "", "", "", "pée", "1"
"", "", "", "", "pes", "1"
"", "", "", "", "pét", "1"
"", "", "", "", "pha", "1"
"", "", "", "", "pho", "1"
"", "", "", "", "phr", "1"
"", "", "", "", "pic", "1"
"", "", "", "", "pie", "1"
"", "", "", "", "pin", "1"
"", "", "", "", "plè", "1"
"", "", "", "", "pne", "1"
"", "", "", "", "poè", "1"
"", "", "", "", "ppé", "1"
"", "", "", "", "ppo", "1"
"", "", "", "", "pse", "1"
"", "", "", "", "pta", "1"
"", "", "", "", "pté", "1"
"", "", "", "", "pti", "1"
"", "", "", "", "ptô", "1"
"", "", "", "", "rad", "1"
"", "", "", "", "raj", "1"
"", "", "", "", "rbe", "1"
"", "", "", "", "rce", "1"
"", "", "", "", "rcé", "1"
"", "", "", "", "rçu", "1"
"", "", "", "", "reh", "1"
"", "", "", "", "rêm", "1"
"", "", "", "", "req", "1"
"", "", "", "", "rêv", "1"
"", "", "", "", "rgn", "1"
"", "", "", "", "rgu", "1"
"", "", "", "", "rhu", "1"
"", "", "", "", "riè", "1"
"", "", "", "", "rni", "1"
"", "", "", "", "rog", "1"
"", "", "", "", "roi", "1"
"", "", "", "", "rop", "1"
"", "", "", "", "rov", "1"
"", "", "", "", "rpa", "1"
"", "", "", "", "rri", "1"
"", "", "", "", "rro", "1"
"", "", "", "", "rté", "1"
"", "", "", "", "rth", "1"
"", "", "", "", "rtr", "1"
"", "", "", "", "rtu", "1"
"", "", "", "", "rud", "1"
"", "", "", "", "rus", "1"
"", "", "", "", "sar", "1"
"", "", "", "", "sax", "1"
"", "", "", "", "sco", "1"
"", "", "", "", "scu", "1"
"", "", "", "", "sép", "1"
"", "", "", "", "séq", "1"
"", "", "", "", "shi", "1"
"", "", "", "", "sia", "1"
"", "", "", "", "siv", "1"
"", "", "", "", "soc", "1"
"", "", "", "", "sod", "1"
"", "", "", "", "spe", "1"
"", "", "", "", "spi", "1"
"", "", "", "", "spo", "1"
"", "", "", "", "sté", "1"
"", "", "", "", "sué", "1"
"", "", "", "", "sug", "1"
"", "", "", "", "sum", "1"
"", "", "", "", "tam", "1"
"", "", "", "", "tap", "1"
"", "", "", "", "tât", "1"
"", "", "", "", "tef", "1"
"", "", "", "", "tél", "1"
"", "", "", "", "tfo", "1"
"", "", "", "", "tho", "1"
"", "", "", "", "tid", "1"
"", "", "", "", "tig", "1"
"", "", "", "", "tip", "1"
"", "", "", "", "tmi", "1"
"", "", "", "", "tol", "1"
"", "", "", "", "toy", "1"
"", "", "", "", "trê", "1"
"", "", "", "", "tta", "1"
"", "", "", "", "tud", "1"
"", "", "", "", "tun", "1"
"", "", "", "", "uda", "1"
"", "", "", "", "udo", "1"
"", "", "", "", "uée", "1"
"", "", "", "", "uem", "1"
"", "", "", "", "ués", "1"
"", "", "", "", "uge", "1"
"", "", "", "", "ugn", "1"
"", "", "", "", "uid", "1"
"", "", "", "", "uié", "1"
"", "", "", "", "ule", "1"
"", "", "", "", "ulé", "1"
"", "", "", "", "ulg", "1"
"", "", "", "", "uma", "1"
"", "", "", "", "umb", "1"
"", "", "", "", "umé", "1"
"", "", "", "", "uon", "1"
"", "", "", "", "ura", "1"
"", "", "", "", "urg", "1"
"", "", "", "", "urn", "1"
"", "", "", "", "usc", "1"
"", "", "", "", "usq", "1"
"", "", "", "", "usu", "1"
"", "", "", "", "uta", "1"
"", "", "", "", "utr", "1"
"", "", "", "", "uts", "1"
"", "", "", "", "uvi", "1"
"", "", "", "", "uvo", "1"
"", "", "", "", "uzo", "1"
"", "", "", "", "vay", "1"
"", "", "", "", "vée", "1"
"", "", "", "", "vén", "1"
"", "", "", "", "vés", "1"
"", "", "", "", "vib", "1"
"", "", "", "", "vid", "1"
"", "", "", "", "vig", "1"
"", "", "", "", "vul", "1"
"", "", "", "", "vus", "1"
"", "", "", "", "xac", "1"
"", "", "", "", "yan", "1"
"", "", "", "", "zea", "1"
"", "", "", "", "zél", "1"
"", "", "", "", "zor", "1"